{
  "hash": "c94e0a1e",
  "browserHash": "78f315b3",
  "optimized": {
    "@angular/common": {
      "src": "../../../../../node_modules/@angular/common/fesm2022/common.mjs",
      "file": "@angular_common.js",
      "fileHash": "46f0a565",
      "needsInterop": false
    },
    "@angular/common/http": {
      "src": "../../../../../node_modules/@angular/common/fesm2022/http.mjs",
      "file": "@angular_common_http.js",
      "fileHash": "d2737c51",
      "needsInterop": false
    },
    "@angular/core": {
      "src": "../../../../../node_modules/@angular/core/fesm2022/core.mjs",
      "file": "@angular_core.js",
      "fileHash": "f57de9a1",
      "needsInterop": false
    },
    "@angular/forms": {
      "src": "../../../../../node_modules/@angular/forms/fesm2022/forms.mjs",
      "file": "@angular_forms.js",
      "fileHash": "092aad2b",
      "needsInterop": false
    },
    "@angular/platform-browser": {
      "src": "../../../../../node_modules/@angular/platform-browser/fesm2022/platform-browser.mjs",
      "file": "@angular_platform-browser.js",
      "fileHash": "320b5c6d",
      "needsInterop": false
    },
    "@angular/router": {
      "src": "../../../../../node_modules/@angular/router/fesm2022/router.mjs",
      "file": "@angular_router.js",
      "fileHash": "2933cb90",
      "needsInterop": false
    },
    "html2canvas": {
      "src": "../../../../../node_modules/html2canvas/dist/html2canvas.esm.js",
      "file": "html2canvas.js",
      "fileHash": "50801858",
      "needsInterop": false
    },
    "jspdf": {
      "src": "../../../../../node_modules/jspdf/dist/jspdf.es.min.js",
      "file": "jspdf.js",
      "fileHash": "79d3d1ec",
      "needsInterop": false
    },
    "rxjs": {
      "src": "../../../../../node_modules/rxjs/dist/esm5/index.js",
      "file": "rxjs.js",
      "fileHash": "6fbd69fa",
      "needsInterop": false
    },
    "rxjs/operators": {
      "src": "../../../../../node_modules/rxjs/dist/esm5/operators/index.js",
      "file": "rxjs_operators.js",
      "fileHash": "101f9b3e",
      "needsInterop": false
    },
    "sweetalert2": {
      "src": "../../../../../node_modules/sweetalert2/dist/sweetalert2.all.js",
      "file": "sweetalert2.js",
      "fileHash": "5fdecaa7",
      "needsInterop": true
    }
  },
  "chunks": {
    "purify.es-COZS3BKZ": {
      "file": "purify__es-COZS3BKZ.js"
    },
    "index.es-CKN7OQXG": {
      "file": "index__es-CKN7OQXG.js"
    },
    "chunk-PSX5WVVB": {
      "file": "chunk-PSX5WVVB.js"
    },
    "chunk-O34G2PQ6": {
      "file": "chunk-O34G2PQ6.js"
    },
    "chunk-W7UFOC4F": {
      "file": "chunk-W7UFOC4F.js"
    },
    "chunk-T2CTOKLE": {
      "file": "chunk-T2CTOKLE.js"
    },
    "chunk-WI6LBH4V": {
      "file": "chunk-WI6LBH4V.js"
    },
    "chunk-BQTYKBYB": {
      "file": "chunk-BQTYKBYB.js"
    },
    "chunk-KDOJNZN6": {
      "file": "chunk-KDOJNZN6.js"
    },
    "chunk-UMXKHIZH": {
      "file": "chunk-UMXKHIZH.js"
    },
    "chunk-STUZPFMT": {
      "file": "chunk-STUZPFMT.js"
    }
  }
}